Staron Pebble Ice;PI811;Pebble-Ice-PI811;2;4
Staron Pebble Swan;PS813;Pebble-Swan-PS813;2;4
Staron Pebble Fresco ;PF844;Pebble Fresco PF844;3;3
Staron Pebble Saratoga;PS820;Pebble-Saratoga-PS820;3;4
Staron Pebble Gold;PG840;Pebble-Gold-PG840;3;4
Staron Pebble Aqua;PA860;Pebble-Aqua-PA860;6;4
Staron Pebble Grey;PG810;Pebble-Grey-PG810;4;4
Staron Pebble Copper;PC851;Pebble-Copper-PC851;8;4
Staron Pebble Blue;PB870;Pebble-Blue-PB870;5;4
Staron Pebble Terrain;PT857;Pebble-Terrain-PT857;8;3
Staron Pebble Ebony;PE814;Pebble-Ebony-PE814;9;4
Staron Pebble Limestone;PL848;손藿3;3
Staron Pebble Kernel;PK843;손藿3;4
Staron Pebble Rose;PR850;손藿4;4
Staron Pebble Ponderosa;PP868;손藿6;4
Staron Pebble Chestnut;SC457;손藿4;2
